{
  "n": 7,
  "aic": -755043.6368709835,
  "bic": -742271.6009860851,
  "log_likelihood": 379137.81843549176,
  "converged": true,
  "wall_s": 4.790182933000324,
  "cluster_sizes": [
    4002,
    1832,
    2131,
    853,
    5844,
    1127,
    4211
  ],
  "contingency": [
    [
      1455,
      2463,
      0,
      0,
      49,
      0,
      35
    ],
    [
      768,
      1006,
      5,
      0,
      15,
      4,
      34
    ],
    [
      208,
      1708,
      43,
      0,
      61,
      111,
      0
    ],
    [
      379,
      459,
      0,
      0,
      7,
      1,
      7
    ],
    [
      2227,
      2935,
      392,
      0,
      158,
      76,
      56
    ],
    [
      897,
      221,
      0,
      0,
      0,
      0,
      9
    ],
    [
      1358,
      960,
      791,
      94,
      37,
      406,
      565
    ]
  ],
  "silhouette": 0.1304036428043878,
  "davies_bouldin": 2.4011524184201796,
  "calinski_harabasz": 1229.1212073094064,
  "ari": 0.026980945538730455,
  "nmi": 0.11406113067532181,
  "homogeneity": 0.1404927542085779,
  "completeness": 0.09600013259599771,
  "v_measure": 0.11406113067532181
}