{
  "n": 7,
  "aic": -3049386.5569472294,
  "bic": -3021953.5516523765,
  "log_likelihood": 1528164.2784736147,
  "converged": true,
  "wall_s": 18.162461118001374,
  "cluster_sizes": [
    3163,
    2684,
    3619,
    965,
    437,
    7984,
    1148
  ],
  "contingency": [
    [
      647,
      1664,
      407,
      8,
      76,
      343,
      18
    ],
    [
      1146,
      1465,
      5,
      0,
      22,
      5,
      41
    ],
    [
      2317,
      805,
      0,
      0,
      20,
      11,
      466
    ],
    [
      5,
      182,
      569,
      64,
      19,
      124,
      2
    ],
    [
      201,
      141,
      0,
      0,
      0,
      0,
      95
    ],
    [
      2833,
      4953,
      0,
      0,
      137,
      0,
      61
    ],
    [
      143,
      542,
      250,
      22,
      53,
      115,
      23
    ]
  ],
  "silhouette": -0.0009390774604775821,
  "davies_bouldin": 3.847952763600141,
  "calinski_harabasz": 625.1158116801503,
  "ari": 0.11709406413657436,
  "nmi": 0.1751350821496787,
  "homogeneity": 0.2060777830369964,
  "completeness": 0.1522714360541633,
  "v_measure": 0.1751350821496787
}