{
  "n": 7,
  "aic": -2953845.2362893904,
  "bic": -2926412.2309945375,
  "log_likelihood": 1480393.6181446952,
  "converged": true,
  "wall_s": 19.837362751999535,
  "cluster_sizes": [
    3652,
    855,
    3130,
    3069,
    6554,
    810,
    1930
  ],
  "contingency": [
    [
      2370,
      862,
      0,
      0,
      25,
      0,
      395
    ],
    [
      137,
      500,
      62,
      14,
      44,
      63,
      35
    ],
    [
      976,
      1856,
      43,
      0,
      76,
      146,
      33
    ],
    [
      1398,
      1597,
      5,
      0,
      22,
      5,
      42
    ],
    [
      1922,
      4454,
      0,
      0,
      130,
      0,
      48
    ],
    [
      482,
      175,
      0,
      0,
      1,
      1,
      151
    ],
    [
      7,
      308,
      1121,
      80,
      29,
      383,
      2
    ]
  ],
  "silhouette": 0.013062562599651273,
  "davies_bouldin": 3.365579538687539,
  "calinski_harabasz": 1067.9163490762996,
  "ari": 0.1251859227138168,
  "nmi": 0.20967045257029698,
  "homogeneity": 0.25657064662636836,
  "completeness": 0.17726673005363724,
  "v_measure": 0.209670452570297
}