{
  "n": 7,
  "aic": -8455948.81935094,
  "bic": -8370757.127022153,
  "log_likelihood": 4238753.40967547,
  "converged": true,
  "wall_s": 27.898292116000448,
  "cluster_sizes": [
    794,
    1613,
    3514,
    458,
    4319,
    5292,
    4010
  ],
  "contingency": [
    [
      67,
      499,
      107,
      3,
      50,
      68,
      0
    ],
    [
      55,
      631,
      630,
      48,
      71,
      176,
      2
    ],
    [
      1065,
      2335,
      0,
      0,
      88,
      0,
      26
    ],
    [
      227,
      125,
      0,
      0,
      1,
      1,
      104
    ],
    [
      2246,
      1957,
      5,
      0,
      39,
      11,
      61
    ],
    [
      1488,
      2870,
      489,
      43,
      60,
      307,
      35
    ],
    [
      2144,
      1335,
      0,
      0,
      18,
      35,
      478
    ]
  ],
  "silhouette": -0.006845770332225228,
  "davies_bouldin": 4.087199876387835,
  "calinski_harabasz": 512.5917029507906,
  "ari": 0.05236599911161866,
  "nmi": 0.1313547530686024,
  "homogeneity": 0.15985847246599957,
  "completeness": 0.11147762705969969,
  "v_measure": 0.13135475306860236
}