{
  "n_components": 20,
  "kurtosis": [
    10.203254471044817,
    7.319503322782518,
    10.74513514321477,
    2.1552778128970154,
    12.43487983782059,
    2.737153080438973,
    10.755791709536798,
    4.422515199089087,
    9.176960011911905,
    14.224205950698291,
    11.628907780136643,
    5.762386473639991,
    5.3198941446673285,
    -1.4660437440718483,
    2.098477220617916,
    1.5515681448830456,
    1.3443517115252286,
    2.029101184931486,
    5.1875170316272445,
    0.4099199600184491
  ],
  "seed_sensitivity": {
    "seeds": [
      7641,
      42,
      123,
      7,
      2024
    ],
    "mean_abs_kurtosis_per_seed": [
      6.048642196777697,
      6.003998263269783,
      6.079369103713,
      6.0773232373940145,
      6.079267132570624
    ],
    "std_kurtosis_across_seeds": 4.5781572107136626
  },
  "wall_s": 0.3967709589996957
}