{
  "k": 7,
  "inertia": 286021.0049051159,
  "wall_s": 0.38636542600033863,
  "cluster_sizes": [
    853,
    4382,
    6273,
    1832,
    1127,
    1531,
    4002
  ],
  "contingency": [
    [
      379,
      459,
      0,
      0,
      7,
      1,
      7
    ],
    [
      1684,
      2464,
      0,
      0,
      89,
      0,
      145
    ],
    [
      1496,
      2284,
      1226,
      94,
      152,
      563,
      458
    ],
    [
      768,
      1006,
      5,
      0,
      15,
      4,
      34
    ],
    [
      897,
      221,
      0,
      0,
      0,
      0,
      9
    ],
    [
      613,
      855,
      0,
      0,
      15,
      30,
      18
    ],
    [
      1455,
      2463,
      0,
      0,
      49,
      0,
      35
    ]
  ],
  "silhouette": 0.1416031258957616,
  "davies_bouldin": 2.280488572985609,
  "calinski_harabasz": 1327.8640436961236,
  "ari": -0.005350787174258865,
  "nmi": 0.10492346249782791,
  "homogeneity": 0.12779710750160336,
  "completeness": 0.08899481016262048,
  "v_measure": 0.10492346249782791
}