{
  "k": 7,
  "inertia": 117855.3997311342,
  "wall_s": 1.4204294740011392,
  "cluster_sizes": [
    2114,
    3725,
    1392,
    2927,
    2635,
    4831,
    2376
  ],
  "contingency": [
    [
      941,
      1092,
      1,
      0,
      6,
      7,
      67
    ],
    [
      1443,
      2146,
      0,
      0,
      30,
      1,
      105
    ],
    [
      91,
      382,
      552,
      23,
      5,
      336,
      3
    ],
    [
      1234,
      1404,
      117,
      0,
      59,
      33,
      80
    ],
    [
      1093,
      1050,
      139,
      26,
      96,
      57,
      174
    ],
    [
      1460,
      2634,
      379,
      43,
      109,
      158,
      48
    ],
    [
      1030,
      1044,
      43,
      2,
      22,
      6,
      229
    ]
  ],
  "silhouette": 0.14783397955166344,
  "davies_bouldin": 1.7128281100987641,
  "calinski_harabasz": 2968.9710008894212,
  "ari": 0.027207853412219794,
  "nmi": 0.08036274565378682,
  "homogeneity": 0.10288365427560285,
  "completeness": 0.06593071854367577,
  "v_measure": 0.08036274565378682
}