{
  "k": 7,
  "inertia": 127287.58418084319,
  "wall_s": 1.6057315220004966,
  "cluster_sizes": [
    1728,
    2678,
    2372,
    4282,
    1933,
    5229,
    1778
  ],
  "contingency": [
    [
      323,
      674,
      428,
      9,
      11,
      267,
      16
    ],
    [
      1329,
      1186,
      0,
      0,
      4,
      0,
      159
    ],
    [
      664,
      977,
      349,
      52,
      102,
      160,
      68
    ],
    [
      1972,
      1988,
      73,
      3,
      52,
      37,
      157
    ],
    [
      826,
      847,
      36,
      1,
      18,
      4,
      201
    ],
    [
      1665,
      2834,
      345,
      29,
      126,
      130,
      100
    ],
    [
      513,
      1246,
      0,
      0,
      14,
      0,
      5
    ]
  ],
  "silhouette": 0.13064044531819527,
  "davies_bouldin": 1.791589609268105,
  "calinski_harabasz": 2683.359739413772,
  "ari": 0.022626854789511534,
  "nmi": 0.06665721065562533,
  "homogeneity": 0.0846410004013556,
  "completeness": 0.0549763169870534,
  "v_measure": 0.06665721065562533
}