{
  "k": 7,
  "inertia": 126134.169004292,
  "wall_s": 1.0133133839990478,
  "cluster_sizes": [
    1936,
    1774,
    4288,
    2382,
    5236,
    2670,
    1714
  ],
  "contingency": [
    [
      827,
      849,
      36,
      1,
      18,
      4,
      201
    ],
    [
      511,
      1244,
      0,
      0,
      14,
      0,
      5
    ],
    [
      1974,
      1985,
      77,
      3,
      53,
      39,
      157
    ],
    [
      665,
      983,
      350,
      52,
      102,
      162,
      68
    ],
    [
      1674,
      2833,
      343,
      29,
      126,
      128,
      103
    ],
    [
      1322,
      1188,
      0,
      0,
      4,
      0,
      156
    ],
    [
      319,
      670,
      425,
      9,
      10,
      265,
      16
    ]
  ],
  "silhouette": 0.13264491233152287,
  "davies_bouldin": 1.7815693654766611,
  "calinski_harabasz": 2707.843978503229,
  "ari": 0.022342599504923025,
  "nmi": 0.0661539525982871,
  "homogeneity": 0.08398386965652435,
  "completeness": 0.05456888611601861,
  "v_measure": 0.0661539525982871
}