{
  "original": {
    "tag": "original",
    "in_dim": 54,
    "n_epochs_run": 29,
    "best_val_loss": 0.4882393777370453,
    "train_loss": [
      0.8142954230308532,
      0.5930958854357401,
      0.554602785428365,
      0.5281340394020081,
      0.5084537142912546,
      0.488939944823583,
      0.47623003768920896,
      0.454590073188146,
      0.4464035391807556,
      0.43212570397059125,
      0.41875158810615537,
      0.4066531897385915,
      0.39446533314387006,
      0.39238732639948526,
      0.37633846815427147,
      0.36232499742507934,
      0.36166134881973266,
      0.35045832784970604,
      0.33936365580558775,
      0.3307949268817902,
      0.33484824760754905,
      0.32690500688552854,
      0.321735404809316,
      0.30754713861147565,
      0.30653898549079894,
      0.29754651363690693,
      0.29439880776405336,
      0.2857233555316925,
      0.28366943875948586
    ],
    "val_loss": [
      0.6297473907470703,
      0.5926157236099243,
      0.5728484392166138,
      0.5520520806312561,
      0.5400450825691223,
      0.5271881222724915,
      0.521452009677887,
      0.5107587575912476,
      0.5032724142074585,
      0.5140334367752075,
      0.5148069262504578,
      0.5040210485458374,
      0.5024288296699524,
      0.49796077609062195,
      0.4924369156360626,
      0.5096355080604553,
      0.4935512840747833,
      0.49995794892311096,
      0.4882393777370453,
      0.49745434522628784,
      0.49203383922576904,
      0.5065865516662598,
      0.48989030718803406,
      0.4951270818710327,
      0.5116379857063293,
      0.49047303199768066,
      0.49990296363830566,
      0.500298261642456,
      0.5033178925514221
    ],
    "wall_train_s": 5.570291449999786,
    "wall_pred_s": 0.008054201000049943,
    "test_metrics": {
      "accuracy": 0.794,
      "macro_f1": 0.6803392887726718,
      "balanced_acc": 0.650774348639614,
      "confusion_matrix": [
        [
          1105,
          330,
          0,
          0,
          1,
          2,
          21
        ],
        [
          232,
          1683,
          13,
          1,
          8,
          8,
          5
        ],
        [
          0,
          23,
          183,
          3,
          4,
          33,
          0
        ],
        [
          0,
          0,
          3,
          10,
          0,
          6,
          0
        ],
        [
          3,
          34,
          2,
          0,
          25,
          1,
          0
        ],
        [
          0,
          24,
          35,
          1,
          0,
          60,
          0
        ],
        [
          29,
          2,
          0,
          0,
          0,
          0,
          110
        ]
      ]
    }
  },
  "pca": {
    "tag": "pca",
    "in_dim": 30,
    "n_epochs_run": 36,
    "best_val_loss": 0.48469939827919006,
    "train_loss": [
      0.7724949127833048,
      0.594337708791097,
      0.5595435016949971,
      0.5349810641606648,
      0.5184101634820303,
      0.4989376082420349,
      0.4857927098274231,
      0.46872811738650005,
      0.4586579978466034,
      0.44102538243929545,
      0.42997058494885765,
      0.41836085756619773,
      0.4146265715758006,
      0.40439260427157087,
      0.3911478931903839,
      0.38444033257166543,
      0.37940536602338154,
      0.3716113095283508,
      0.3608706342379252,
      0.3486955233414968,
      0.34730718104044594,
      0.34083495410283404,
      0.3296001960436503,
      0.3294647816816966,
      0.31850755381584167,
      0.31444404244422913,
      0.31012038071950276,
      0.30018774565060935,
      0.29380567344029745,
      0.2934617913564046,
      0.29001245919863383,
      0.2773509769439697,
      0.27804174145062766,
      0.27167861024538675,
      0.26644930938879646,
      0.2675025671323141
    ],
    "val_loss": [
      0.6469196677207947,
      0.6017967462539673,
      0.57659912109375,
      0.5516188144683838,
      0.5398522019386292,
      0.5462689995765686,
      0.5278849005699158,
      0.518389105796814,
      0.5198594331741333,
      0.5181366801261902,
      0.508717954158783,
      0.5068766474723816,
      0.4992397725582123,
      0.501388430595398,
      0.5102364420890808,
      0.509672999382019,
      0.494390606880188,
      0.5023573040962219,
      0.49164384603500366,
      0.5027865171432495,
      0.4928944706916809,
      0.5045381784439087,
      0.5058168768882751,
      0.4982360899448395,
      0.49882131814956665,
      0.48469939827919006,
      0.4880814850330353,
      0.4979993402957916,
      0.5071837306022644,
      0.4930433928966522,
      0.5097059011459351,
      0.5041168332099915,
      0.5050083994865417,
      0.4992104172706604,
      0.5119309425354004,
      0.5082645416259766
    ],
    "wall_train_s": 7.018520420999266,
    "wall_pred_s": 0.006655340999714099,
    "test_metrics": {
      "accuracy": 0.8,
      "macro_f1": 0.6951145762213079,
      "balanced_acc": 0.6641819470599039,
      "confusion_matrix": [
        [
          1143,
          299,
          0,
          0,
          2,
          2,
          13
        ],
        [
          254,
          1658,
          14,
          0,
          11,
          9,
          4
        ],
        [
          0,
          19,
          198,
          4,
          2,
          23,
          0
        ],
        [
          0,
          0,
          6,
          11,
          0,
          2,
          0
        ],
        [
          4,
          32,
          3,
          0,
          25,
          1,
          0
        ],
        [
          0,
          18,
          39,
          1,
          0,
          62,
          0
        ],
        [
          36,
          2,
          0,
          0,
          0,
          0,
          103
        ]
      ]
    }
  },
  "ica": {
    "tag": "ica",
    "in_dim": 20,
    "n_epochs_run": 38,
    "best_val_loss": 0.49113133549690247,
    "train_loss": [
      0.7889072062174479,
      0.5929027404785157,
      0.55496009127299,
      0.535045791943868,
      0.5209349201520284,
      0.503537910938263,
      0.489670422633489,
      0.48198528854052225,
      0.4641018143494924,
      0.4556988132794698,
      0.44825313607851663,
      0.43422659850120543,
      0.431267329454422,
      0.4191209924221039,
      0.41259529447555543,
      0.40291447917620343,
      0.39375766388575234,
      0.38967080307006835,
      0.3824950913588206,
      0.37542203879356384,
      0.3705672771930695,
      0.3599638843536377,
      0.36006129630406697,
      0.35237229975064593,
      0.3482253387769063,
      0.3388939508597056,
      0.34014808106422423,
      0.32543916551272073,
      0.3276212735970815,
      0.3224188238779704,
      0.3184736923376719,
      0.3081790716648102,
      0.30926610811551414,
      0.3049608829021454,
      0.30670260310173036,
      0.2938529579639435,
      0.29295513129234313,
      0.29055349906285605
    ],