{
  "evr": [
    0.22604587456225975,
    0.1964893946467993,
    0.15103910031866521,
    0.10181714883581439,
    0.06865852518619964,
    0.05115728613164811,
    0.04028704919504045,
    0.03282444194995691,
    0.028301561681827386,
    0.02548216634835494,
    0.011455624613603024,
    0.007646772186973988,
    0.007447034634424756,
    0.006424517020512504,
    0.005255402415616733,
    0.004353815199577492,
    0.004109500746470345,
    0.0037376109257087056,
    0.0032774767806863893,
    0.0028383601717213683,
    0.0026161000100754623,
    0.00223546025022768,
    0.0021377105213898624,
    0.0017973197081588548,
    0.0016786316021247562,
    0.001625126686609727,
    0.001349791490159518,
    0.0011710990860545197,
    0.0009640672519338708,
    0.0007476839891474491,
    0.0006413766020793598,
    0.0005859525428011059,
    0.0005031188431487922,
    0.00045822423226330724,
    0.0003880309088720555,
    0.00035403742637782294,
    0.0003043354220415794,
    0.0002757148671808442,
    0.00025192232896593085,
    0.00021525657751913949,
    0.00020045873934633615,
    0.00016916846126323285,
    0.000147159177932577,
    0.00013147882277832226,
    0.00011001613208533118,
    9.131048361489268e-05,
    7.719705471757924e-05,
    4.844487457952643e-05,
    3.9716421965871435e-05,
    3.096498306393089e-05,
    4.460949659514517e-06,
    1.2400617401696427e-17,
    3.9437690550817045e-18,
    0.0
  ],
  "cum_var": [
    0.22604587456225975,
    0.42253526920905904,
    0.5735743695277242,
    0.6753915183635386,
    0.7440500435497382,
    0.7952073296813864,
    0.8354943788764269,
    0.8683188208263838,
    0.8966203825082112,
    0.9221025488565662,
    0.9335581734701692,
    0.9412049456571432,
    0.9486519802915679,
    0.9550764973120804,
    0.9603318997276972,
    0.9646857149272746,
    0.9687952156737449,
    0.9725328265994536,
    0.97581030338014,
    0.9786486635518613,
    0.9812647635619368,
    0.9835002238121645,
    0.9856379343335544,
    0.9874352540417133,
    0.9891138856438381,
    0.9907390123304478,
    0.9920888038206074,
    0.9932599029066619,
    0.9942239701585958,
    0.9949716541477432,
    0.9956130307498227,
    0.9961989832926238,
    0.9967021021357726,
    0.9971603263680359,
    0.9975483572769079,
    0.9979023947032858,
    0.9982067301253273,
    0.9984824449925082,
    0.9987343673214741,
    0.9989496238989932,
    0.9991500826383396,
    0.9993192510996028,
    0.9994664102775355,
    0.9995978891003138,
    0.999707905232399,
    0.9997992157160139,
    0.9998764127707315,
    0.999924857645311,
    0.9999645740672769,
    0.9999955390503409,
    1.0000000000000004,
    1.0000000000000004,
    1.0000000000000004,
    1.0000000000000004
  ],
  "diagnostics": {
    "5": {
      "rmse": 0.23336305523015893,
      "cum_var": 0.7440500435497382
    },
    "10": {
      "rmse": 0.1287407977002209,
      "cum_var": 0.9221025488565661
    },
    "15": {
      "rmse": 0.09187032932835902,
      "cum_var": 0.9603318997276971
    },
    "20": {
      "rmse": 0.06740111857528053,
      "cum_var": 0.9786486635518612
    },
    "25": {
      "rmse": 0.04812724682852613,
      "cum_var": 0.9891138856438381
    },
    "30": {
      "rmse": 0.03270899064064103,
      "cum_var": 0.9949716541477432
    },
    "40": {
      "rmse": 0.014949511028509768,
      "cum_var": 0.998949623898993
    },
    "54": {
      "rmse": 6.148405637934506e-16,
      "cum_var": 1.0000000000000002
    }
  },
  "n_final": 30
}